Women,Tops,Sweat Shirts,Sweat Shirts,卫衣
,,Knitwear,Knit Vests,毛织背心
,,,Sweaters,毛衣
,,,Cardigans,开衫
,,T-Shirts,Tank Tops,吊带衫/背心
,,,Short Sleeve T-shirts,短袖T恤
,,,Long Sleeve T-shirts,长袖T恤
,,Outerwear,Puffers,羽绒服
,,,Winter Jackets,棉服
,,,Wool Coat,毛呢外套
,,,Fleece Jackets,羊羔绒外套
,,,Jackets,夹克/棒球服
,,,Trenches,风衣（PU长款外套）
,,,Blazers,西服
,,Shirts,Shirts,衬衫
,Sets,Sets,Sets,套装
,Dresses,Dresses,Dresses,针织连衣裙
,Bodysuits,Bodysuits,Bodysuits,连体衣
,Bottoms,Pants,Sweatpants,卫裤
,,,Trousers,裤子
,,,Leggings,打底裤
,,Shorts,Sweat Shorts,卫衣短裤
,,,Trouser Shorts,休闲短裤
,,,Bike Shorts,自行车短裤
,,Skirts,Skirts,半裙
,Activewear,Active Bottoms,Leggings,瑜伽贴身裤
,,,Pants,瑜伽长裤
,,,Shorts,瑜伽短裤
,,,Sports Skirts,瑜伽裙
,,Active Sets,Sports Sets,瑜伽套装
,,Active Tops,Sports Bras,瑜伽背心
,,,Sports Jackets,瑜伽夹克
,,,Sports Sweatshirts,瑜伽卫衣
,,,Sports Tees,瑜伽 T-shirt
,Beachwear,Swimwear,Bikini Tops,
,,,Bikini Bottoms,
,,,Tankinis,
,,,One-Pieces,
,,,Bikini Sets,
,Denim,Denim,Denim Overalls & Jumpsuits,
,,,Denim Skirts,
,,,Denim Jackets & Coats,
,,,Jeans,
,,,Denim Shorts,
,,,Denim Tops,
,,,Denim Dresses,
